den	v0	v1	v2	v3	v4	v5	v6	v7	v8	v9	over9
1	100000	100000	100000	100000	100000	100000	100000	100000	100000	100000	100000
2	100000	100000	100000	100000	100000	100000	100000	100000	100000	100000	100000
3	100000	100000	100000	100000	100000	100000	100000	100000	100000	100000	100000
4	100000	100000	100000	100000	100000	100000	100000	100000	100000	100000	100000
5	100000	100000	100000	100000	100000	100000	100000	100000	100000	100000	100000
6	100000	100000	100000	100000	100000	100000	100000	100000	100000	100000	100000
7	100000	100000	100000	100000	100000	100000	100000	100000	100000	100000	100000
8	100000	100000	100000	100000	100000	100000	100000	100000	100000	100000	100000
9	100000	100000	100000	100000	100000	100000	100000	100000	100000	100000	100000
10	100000	100000	100000	100000	100000	100000	100000	100000	100000	100000	100000
11	100000	100000	100000	100000	100000	100000	100000	100000	100000	100000	100000
12	99800	100000	100000	100000	100000	100000	100000	100000	100000	100000	100000
13	100000	100000	100000	100000	100000	100000	100000	100000	100000	100000	100000
14	99564	100000	100000	100000	100000	100000	100000	100000	100000	100000	100000
15	100000	100000	100000	100000	100000	100000	100000	100000	100000	100000	100000
16	99330	100000	100000	100000	100000	100000	100000	100000	100000	100000	100000
17	100000	100000	100000	100000	100000	100000	100000	100000	100000	100000	100000
18	99099	99981	100000	100000	100000	100000	100000	100000	100000	100000	100000
19	100000	100000	100000	100000	100000	100000	100000	100000	100000	100000	100000
20	98954	100000	100000	100000	100000	100000	100000	100000	100000	100000	100000
21	99951	99951	100000	100000	100000	100000	100000	100000	100000	100000	100000
22	98699	100000	100000	100000	100000	100000	100000	100000	100000	100000	100000
23	100000	100000	100000	100000	100000	100000	100000	100000	100000	100000	100000
24	98583	99930	99997	100000	100000	100000	100000	100000	100000	100000	100000
25	100000	100000	100000	100000	100000	100000	100000	100000	100000	100000	100000
26	98494	100000	100000	100000	100000	100000	100000	100000	100000	100000	100000
27	99915	99915	100000	100000	100000	100000	100000	100000	100000	100000	100000
28	98360	99993	99993	100000	100000	100000	100000	100000	100000	100000	100000
29	100000	100000	100000	100000	100000	100000	100000	100000	100000	100000	100000
30	98213	99892	100000	100000	100000	100000	100000	100000	100000	100000	100000
31	100000	100000	100000	100000	100000	100000	100000	100000	100000	100000	100000
32	98177	99991	99991	100000	100000	100000	100000	100000	100000	100000	100000
33	99900	99900	100000	100000	100000	100000	100000	100000	100000	100000	100000
34	98084	100000	100000	100000	100000	100000	100000	100000	100000	100000	100000
35	99998	99998	99998	99998	100000	100000	100000	100000	100000	100000	100000
36	97893	99830	99988	100000	100000	100000	100000	100000	100000	100000	100000
37	100000	100000	100000	100000	100000	100000	100000	100000	100000	100000	100000
38	98046	100000	100000	100000	100000	100000	100000	100000	100000	100000	100000
39	99838	99838	100000	100000	100000	100000	100000	100000	100000	100000	100000
40	98021	99969	99969	99992	100000	100000	100000	100000	100000	100000	100000
41	100000	100000	100000	100000	100000	100000	100000	100000	100000	100000	100000
42	97769	99813	100000	100000	100000	100000	100000	100000	100000	100000	100000
43	100000	100000	100000	100000	100000	100000	100000	100000	100000	100000	100000
44	97903	99982	99982	100000	100000	100000	100000	100000	100000	100000	100000
45	99801	99801	99992	99992	100000	100000	100000	100000	100000	100000	100000
46	97831	100000	100000	100000	100000	100000	100000	100000	100000	100000	100000
47	100000	100000	100000	100000	100000	100000	100000	100000	100000	100000	100000
48	97595	99769	99962	99999	99999	100000	100000	100000	100000	100000	100000
49	100000	100000	100000	100000	100000	100000	100000	100000	100000	100000	100000
50	97755	99996	99996	99996	100000	100000	100000	100000	100000	100000	100000
51	99798	99798	100000	100000	100000	100000	100000	100000	100000	100000	100000
52	97690	99969	99969	100000	100000	100000	100000	100000	100000	100000	100000
53	100000	100000	100000	100000	100000	100000	100000	100000	100000	100000	100000
54	97546	99797	100000	100000	100000	100000	100000	100000	100000	100000	100000
55	99994	99994	99994	99994	100000	100000	100000	100000	100000	100000	100000
56	97669	99966	99966	99998	99998	99998	99999	100000	100000	100000	100000
57	99792	99792	100000	100000	100000	100000	100000	100000	100000	100000	100000
58	97647	100000	100000	100000	100000	100000	100000	100000	100000	100000	100000
59	100000	100000	100000	100000	100000	100000	100000	100000	100000	100000	100000
60	97470	99735	99948	99986	99996	100000	100000	100000	100000	100000	100000
61	100000	100000	100000	100000	100000	100000	100000	100000	100000	100000	100000
62	97617	100000	100000	100000	100000	100000	100000	100000	100000	100000	100000
63	99761	99761	99999	99999	99999	99999	99999	99999	100000	100000	100000
64	97622	99956	99956	100000	100000	100000	100000	100000	100000	100000	100000
65	99998	99998	99998	99998	100000	100000	100000	100000	100000	100000	100000
66	97294	99770	99998	99998	99998	100000	100000	100000	100000	100000	100000
67	100000	100000	100000	100000	100000	100000	100000	100000	100000	100000	100000
68	97560	99960	99960	100000	100000	100000	100000	100000	100000	100000	100000
69	99744	99744	100000	100000	100000	100000	100000	100000	100000	100000	100000
70	97491	99988	99988	99988	100000	100000	100000	100000	100000	100000	100000
71	100000	100000	100000	100000	100000	100000	100000	100000	100000	100000	100000
72	97266	99689	99958	99997	99997	99999	99999	100000	100000	100000	100000
73	100000	100000	100000	100000	100000	100000	100000	100000	100000	100000	100000
74	97540	100000	100000	100000	100000	100000	100000	100000	100000	100000	100000
75	99719	99719	99984	99984	100000	100000	100000	100000	100000	100000	100000
76	97445	99948	99948	100000	100000	100000	100000	100000	100000	100000	100000
77	100000	100000	100000	100000	100000	100000	100000	100000	100000	100000	100000
78	97153	99731	99996	99996	99996	100000	100000	100000	100000	100000	100000
79	100000	100000	100000	100000	100000	100000	100000	100000	100000	100000	100000
80	97427	99930	99930	99986	99998	99998	99998	100000	100000	100000	100000
81	99730	99730	99998	99998	99998	99998	99998	99998	100000	100000	100000
82	97493	100000	100000	100000	100000	100000	100000	100000	100000	100000	100000
83	99998	100000	100000	100000	100000	100000	100000	100000	100000	100000	100000
84	97222	99670	99939	99994	99994	99998	99999	99999	99999	99999	100000
85	99985	99988	99988	99988	100000	100000	100000	100000	100000	100000	100000
86	97443	100000	100000	100000	100000	100000	100000	100000	100000	100000	100000
87	99729	99729	100000	100000	100000	100000	100000	100000	100000	100000	100000
88	97459	99948	99948	99999	99999	99999	99999	100000	100000	100000	100000
89	100000	100000	100000	100000	100000	100000	100000	100000	100000	100000	100000
90	97115	99680	99987	99987	99995	100000	100000	100000	100000	100000	100000
91	99999	99999	99999	99999	99999	99999	100000	100000	100000	100000	100000
92	97319	99937	99937	100000	100000	100000	100000	100000	100000	100000	100000
93	99713	99718	100000	100000	100000	100000	100000	100000	100000	100000	100000
94	97362	100000	100000	100000	100000	100000	100000	100000	100000	100000	100000
95	99965	99978	99978	99978	100000	100000	100000	100000	100000	100000	100000
96	97102	99666	99933	99990	99990	99998	99998	100000	100000	100000	100000
97	99998	100000	100000	100000	100000	100000	100000	100000	100000	100000	100000
98	97396	99996	99996	99996	99996	99996	100000	100000	100000	100000	100000
99	99691	99693	99999	99999	99999	99999	99999	99999	100000	100000	100000
100	97343	99917	99917	99988	100000	100000	100000	100000	100000	100000	100000
101	99981	100000	100000	100000	100000	100000	100000	100000	100000	100000	100000
102	96979	99689	99991	99991	99991	100000	100000	100000	100000	100000	100000
103	99980	100000	100000	100000	100000	100000	100000	100000	100000	100000	100000
104	97274	99925	99926	100000	100000	100000	100000	100000	100000	100000	100000
105	99699	99710	99975	99975	99997	99997	100000	100000	100000	100000	100000
106	97338	100000	100000	100000	100000	100000	100000	100000	100000	100000	100000
107	99992	100000	100000	100000	100000	100000	100000	100000	100000	100000	100000
108	96919	99611	99930	99996	99996	100000	100000	100000	100000	100000	100000
109	99976	100000	100000	100000	100000	100000	100000	100000	100000	100000	100000
110	97240	99986	99986	99986	100000	100000	100000	100000	100000	100000	100000
111	99691	99703	100000	100000	100000	100000	100000	100000	100000	100000	100000
112	97318	99938	99939	99996	99996	99996	99999	100000	100000	100000	100000
113	99983	99999	99999	100000	100000	100000	100000	100000	100000	100000	100000
114	97055	99709	99992	99992	99992	100000	100000	100000	100000	100000	100000
115	99937	99980	99982	99982	100000	100000	100000	100000	100000	100000	100000
116	97160	99938	99938	100000	100000	100000	100000	100000	100000	100000	100000
117	99666	99692	99998	99998	99998	99998	99998	99998	100000	100000	100000
118	97265	99999	100000	100000	100000	100000	100000	100000	100000	100000	100000
119	99983	100000	100000	100000	100000	100000	100000	100000	100000	100000	100000
120	96888	99600	99922	99977	99995	99998	99998	99999	99999	100000	100000
121	99969	100000	100000	100000	100000	100000	100000	100000	100000	100000	100000
122	97191	100000	100000	100000	100000	100000	100000	100000	100000	100000	100000
123	99651	99662	100000	100000	100000	100000	100000	100000	100000	100000	100000
124	97136	99927	99928	100000	100000	100000	100000	100000	100000	100000	100000
125	99958	99982	99982	99982	100000	100000	100000	100000	100000	100000	100000
126	96788	99681	99983	99983	99983	99995	99998	99998	100000	100000	100000
127	99910	99998	100000	100000	100000	100000	100000	100000	100000	100000	100000
128	97073	99925	99931	99998	99998	99998	99998	100000	100000	100000	100000
129	99602	99689	99999	100000	100000	100000	100000	100000	100000	100000	100000
130	97157	99972	99979	99979	99997	99997	99997	99997	99997	100000	100000
131	99923	99998	100000	100000	100000	100000	100000	100000	100000	100000	100000
132	96868	99601	99909	99991	99991	100000	100000	100000	100000	100000	100000
133	99902	99996	99998	99998	99998	99998	100000	100000	100000	100000	100000
134	97097	99997	100000	100000	100000	100000	100000	100000	100000	100000	100000
135	99597	99674	99981	99981	100000	100000	100000	100000	100000	100000	100000
136	97070	99905	99910	99999	99999	99999	99999	100000	100000	100000	100000
137	99936	99998	100000	100000	100000	100000	100000	100000	100000	100000	100000
138	96811	99649	99990	99990	99990	100000	100000	100000	100000	100000	100000
139	99911	99999	100000	100000	100000	100000	100000	100000	100000	100000	100000
140	97053	99892	99898	99980	99999	99999	100000	100000	100000	100000	100000
141	99594	99671	100000	100000	100000	100000	100000	100000	100000	100000	100000
142	97164	99999	100000	100000	100000	100000	100000	100000	100000	100000	100000
143	99902	99998	100000	100000	100000	100000	100000	100000	100000	100000	100000
144	96669	99567	99915	99994	99994	99999	99999	100000	100000	100000	100000
145	99800	99979	99983	99983	100000	100000	100000	100000	100000	100000	100000
146	97067	99995	100000	100000	100000	100000	100000	100000	100000	100000	100000
147	99589	99677	100000	100000	100000	100000	100000	100000	100000	100000	100000
148	96944	99916	99927	100000	100000	100000	100000	100000	100000	100000	100000
149	99894	100000	100000	100000	100000	100000	100000	100000	100000	100000	100000
150	96723	99635	99982	99982	99995	100000	100000	100000	100000	100000	100000
151	99868	99996	100000	100000	100000	100000	100000	100000	100000	100000	100000
152	96920	99907	99922	99997	99998	99998	99998	100000	100000	100000	100000
153	99535	99664	99999	99999	99999	99999	99999	99999	100000	100000	100000
154	97036	99997	99998	99998	99998	99998	100000	100000	100000	100000	100000
155	99825	99974	99976	99976	100000	100000	100000	100000	100000	100000	100000
156	96672	99601	99920	99996	99996	100000	100000	100000	100000	100000	100000
157	99842	99998	100000	100000	100000	100000	100000	100000	100000	100000	100000
158	96965	99995	100000	100000	100000	100000	100000	100000	100000	100000	100000
159	99485	99669	100000	100000	100000	100000	100000	100000	100000	100000	100000
160	96827	99887	99898	99980	99998	99998	99998	100000	100000	100000	100000
161	99847	99995	99996	99997	99998	99998	100000	100000	100000	100000	100000
162	96744	99668	99994	99996	99996	100000	100000	100000	100000	100000	100000
163	99807	99996	99999	100000	100000	100000	100000	100000	100000	100000	100000
164	96912	99914	99925	100000	100000	100000	100000	100000	100000	100000	100000
165	99396	99630	99975	99978	100000	100000	100000	100000	100000	100000	100000
166	96920	99993	100000	100000	100000	100000	100000	100000	100000	100000	100000
167	99746	99996	100000	100000	100000	100000	100000	100000	100000	100000	100000
168	96424	99551	99908	99986	99986	99997	100000	100000	100000	100000	100000
169	99710	99989	99999	99999	99999	100000	100000	100000	100000	100000	100000
170	96740	99956	99981	99981	100000	100000	100000	100000	100000	100000	100000
171	99289	99633	99997	99998	99998	99998	99998	99998	100000	100000	100000
172	96683	99913	99932	99999	100000	100000	100000	100000	100000	100000	100000
173	99671	99994	100000	100000	100000	100000	100000	100000	100000	100000	100000
174	96496	99653	99993	99993	99993	100000	100000	100000	100000	100000	100000
175	99643	99959	99970	99971	99996	99996	100000	100000	100000	100000	100000
176	96756	99873	99900	99999	99999	99999	99999	99999	99999	99999	99999
177	99282	99648	99999	100000	100000	100000	100000	100000	100000	100000	100000
178	96660	99983	99999	100000	100000	100000	100000	100000	100000	100000	100000
179	99640	99995	99999	100000	100000	100000	100000	100000	100000	100000	100000
180	96108	99524	99882	99967	99990	99999	99999	99999	100000	100000	100000
181	99486	99991	99998	100000	100000	100000	100000	100000	100000	100000	100000
182	96742	99984	99997	99999	99999	99999	100000	100000	100000	100000	100000
183	99264	99659	99998	99999	100000	100000	100000	100000	100000	100000	100000
184	96604	99872	99914	99998	99998	99998	99998	100000	100000	100000	100000
185	99540	99954	99977	99979	100000	100000	100000	100000	100000	100000	100000
186	96333	99655	99991	99993	99993	100000	100000	100000	100000	100000	100000
187	99570	99993	100000	100000	100000	100000	100000	100000	100000	100000	100000
188	96561	99896	99922	99998	100000	100000	100000	100000	100000	100000	100000
189	99093	99637	99992	99994	99995	99995	100000	100000	100000	100000	100000
190	96528	99917	99978	99978	100000	100000	100000	100000	100000	100000	100000
191	99441	99986	99999	100000	100000	100000	100000	100000	100000	100000	100000
192	96146	99529	99904	99987	99987	99999	99999	100000	100000	100000	100000
193	99348	99988	100000	100000	100000	100000	100000	100000	100000	100000	100000
194	96457	99974	99999	100000	100000	100000	100000	100000	100000	100000	100000
195	98959	99618	99977	99977	100000	100000	100000	100000	100000	100000	100000
196	96214	99867	99910	99997	99997	99997	100000	100000	100000	100000	100000
197	99311	99985	99999	99999	100000	100000	100000	100000	100000	100000	100000
198	95974	99618	99986	99988	99988	100000	100000	100000	100000	100000	100000
199	99271	99987	99998	100000	100000	100000	100000	100000	100000	100000	100000
200	96416	99873	99893	99972	99998	99998	99998	100000	100000	100000	100000
201	98935	99618	99997	99999	100000	100000	100000	100000	100000	100000	100000
202	95925	99915	99995	100000	100000	100000	100000	100000	100000	100000	100000
203	98918	99944	99993	99995	99997	99997	100000	100000	100000	100000	100000
204	95574	99514	99913	99992	99992	100000	100000	100000	100000	100000	100000
205	99016	99944	99975	99978	100000	100000	100000	100000	100000	100000	100000
206	95703	99919	99997	99999	100000	100000	100000	100000	100000	100000	100000
207	98825	99613	99994	99999	99999	99999	99999	99999	100000	100000	100000
208	95791	99810	99909	99994	99995	99996	99996	100000	100000	100000	100000
209	98701	99954	99997	100000	100000	100000	100000	100000	100000	100000	100000
210	95380	99536	99956	99966	99989	99996	100000	100000	100000	100000	100000
211	98996	99960	99998	99999	100000	100000	100000	100000	100000	100000	100000
212	95470	99811	99906	99997	99999	100000	100000	100000	100000	100000	100000
213	98543	99557	99993	99998	100000	100000	100000	100000	100000	100000	100000
214	95704	99910	99994	99997	99998	99999	100000	100000	100000	100000	100000
215	98368	99928	99976	99979	99999	100000	100000	100000	100000	100000	100000
216	95200	99441	99890	99984	99989	99999	99999	99999	100000	100000	100000
217	98754	99956	99996	99998	99998	99998	100000	100000	100000	100000	100000
218	95190	99874	99991	99995	100000	100000	100000	100000	100000	100000	100000
219	98308	99618	99992	99998	99999	100000	100000	100000	100000	100000	100000
220	95344	99811	99881	99975	99999	99999	100000	100000	100000	100000	100000
221	98058	99914	99992	99999	100000	100000	100000	100000	100000	100000	100000
222	94469	99516	99974	99984	99989	100000	100000	100000	100000	100000	100000
223	98620	99952	99997	99998	100000	100000	100000	100000	100000	100000	100000
224	95266	99772	99899	99987	99991	99991	99996	99998	99998	99999	100000
225	98189	99561	99967	99972	100000	100000	100000	100000	100000	100000	100000
226	95419	99907	99993	99999	100000	100000	100000	100000	100000	100000	100000
227	98109	99930	99992	100000	100000	100000	100000	100000	100000	100000	100000
228	95007	99459	99898	99987	99989	100000	100000	100000	100000	100000	100000
229	98317	99964	99996	99999	99999	99999	99999	99999	99999	100000	100000
230	94962	99845	99960	99970	99997	99998	99998	99998	99998	100000	100000
231	97724	99561	99978	99991	99992	99992	99999	100000	100000	100000	100000
232	95010	99757	99898	99996	99999	99999	99999	100000	100000	100000	100000
233	97609	99914	99985	99999	100000	100000	100000	100000	100000	100000	100000
234	94525	99497	99966	99984	99986	99998	99998	99998	100000	100000	100000
235	97699	99840	99969	99977	99999	100000	100000	100000	100000	100000	100000
236	94825	99782	99909	99996	99999	100000	100000	100000	100000	100000	100000
237	97375	99557	99982	99997	99999	100000	100000	100000	100000	100000	100000
238	94941	99871	99988	99995	99996	99996	100000	100000	100000	100000	100000
239	97385	99912	99991	100000	100000	100000	100000	100000	100000	100000	100000
240	93947	99342	99864	99957	99988	99995	99995	99997	99997	100000	100000
241	97526	99915	99991	100000	100000	100000	100000	100000	100000	100000	100000
242	93996	99802	99985	99998	99999	100000	100000	100000	100000	100000	100000
243	96979	99544	99983	99994	99995	99996	99996	99996	100000	100000	100000
244	94225	99759	99909	99997	99999	100000	100000	100000	100000	100000	100000
245	96704	99827	99956	99964	99994	99994	100000	100000	100000	100000	100000
246	93575	99428	99965	99987	99990	100000	100000	100000	100000	100000	100000
247	97068	99910	99992	99999	100000	100000	100000	100000	100000	100000	100000
248	93554	99685	99882	99988	99992	99997	99997	100000	100000	100000	100000
249	96570	99507	99979	99995	99999	100000	100000	100000	100000	100000	100000
250	93832	99831	99922	99967	100000	100000	100000	100000	100000	100000	100000
251	93608	99703	99975	99997	100000	100000	100000	100000	100000	100000	100000
252	90218	99002	99825	99968	99984	99994	99998	99998	100000	100000	100000
253	93900	99726	99970	99997	99999	100000	100000	100000	100000	100000	100000
254	91084	99512	99969	99996	99999	100000	100000	100000	100000	100000	100000
255	93396	99258	99922	99972	99994	99999	99999	100000	100000	100000	100000
256	90909	99415	99866	99986	99997	99998	99999	99999	99999	100000	100000
257	93938	99723	99958	99995	99998	100000	100000	100000	100000	100000	100000
258	90726	99118	99931	99983	99990	100000	100000	100000	100000	100000	100000
259	93712	99648	99935	99984	99992	99993	99999	100000	100000	100000	100000
260	91202	99320	99835	99963	99995	99998	99998	99998	99998	100000	100000
261	93858	99332	99944	99993	99996	99996	99996	99996	100000	100000	100000
262	91136	99479	99932	99984	99995	99998	100000	100000	100000	100000	100000
263	93856	99699	99962	99997	99999	99999	100000	100000	100000	100000	100000
264	90840	98982	99825	99971	99986	99999	99999	100000	100000	100000	100000
265	93943	99624	99925	99960	99997	99998	100000	100000	100000	100000	100000
266	90356	99390	99938	99980	99993	99996	100000	100000	100000	100000	100000
267	93710	99310	99944	99995	100000	100000	100000	100000	100000	100000	100000
268	90688	99402	99862	99988	99999	99999	99999	100000	100000	100000	100000
269	93748	99680	99959	99993	99997	99999	100000	100000	100000	100000	100000
270	90650	99090	99890	99945	99984	99998	99998	99998	99999	99999	99999
271	93870	99677	99936	99993	99995	100000	100000	100000	100000	100000	100000
272	90508	99337	99859	99984	99991	99994	99995	99998	99998	99999	100000
273	93301	99284	99935	99987	99995	99997	99999	100000	100000	100000	100000
274	90149	99413	99941	99993	99997	99998	100000	100000	100000	100000	100000
275	92346	99431	99906	99967	99998	100000	100000	100000	100000	100000	100000
276	90144	98985	99809	99974	99988	100000	100000	100000	100000	100000	100000
277	92473	99570	99935	99990	99997	100000	100000	100000	100000	100000	100000
278	89774	99352	99932	99991	99998	100000	100000	100000	100000	100000	100000
279	92263	99139	99925	99983	99996	99997	99997	99997	100000	100000	100000
280	89179	99130	99827	99941	99987	99995	99998	99999	99999	99999	100000
281	92680	99545	99927	99987	99997	99999	100000	100000	100000	100000	100000
282	89125	98981	99894	99976	99987	100000	100000	100000	100000	100000	100000
283	91808	99499	99941	99992	99997	99999	99999	100000	100000	100000	100000
284	88415	99075	99807	99971	99993	99996	99999	99999	100000	100000	100000
285	91082	99041	99876	99957	99995	99998	99998	99999	100000	100000	100000
286	90224	99396	99942	99990	100000	100000	100000	100000	100000	100000	100000
287	92563	99467	99925	99979	99994	99997	100000	100000	100000	100000	100000
288	88631	98725	99777	99958	99982	99991	99992	99996	99998	99999	100000
289	91584	99456	99923	99991	100000	100000	100000	100000	100000	100000	100000
290	89392	99171	99890	99957	99995	99999	100000	100000	100000	100000	100000
291	91174	99039	99890	99986	99996	99999	100000	100000	100000	100000	100000
292	88530	99039	99823	99972	99992	99998	99999	100000	100000	100000	100000
293	91587	99394	99920	99982	99996	99998	99998	99999	99999	100000	100000
294	87944	98812	99853	99959	99979	99991	99998	99999	100000	100000	100000
295	90444	99283	99886	99960	99996	99998	100000	100000	100000	100000	100000
296	87636	98890	99775	99960	99982	99994	99996	100000	100000	100000	100000
297	90280	99048	99915	99987	99995	99997	99999	99999	100000	100000	100000
298	87531	99090	99906	99981	99995	99999	100000	100000	100000	100000	100000
299	90365	99298	99924	99992	99999	100000	100000	100000	100000	100000	100000
300	87487	98564	99766	99947	99983	99997	99998	99999	99999	100000	100000
301	89168	99192	99900	99979	99991	99993	99998	100000	100000	100000	100000
302	86934	98938	99876	99977	99993	99999	100000	100000	100000	100000	100000
303	88652	98798	99868	99982	99995	99997	99998	99999	99999	100000	100000
304	85425	98626	99786	99962	99987	99996	99996	99999	100000	100000	100000
305	88652	99016	99859	99948	99992	100000	100000	100000	100000	100000	100000
306	85749	98486	99806	99959	99985	99998	99998	99999	100000	100000	100000
307	87796	98984	99871	99978	99996	99999	100000	100000	100000	100000	100000
308	86364	98777	99771	99970	99991	99995	100000	100000	100000	100000	100000
309	88009	98673	99847	99975	99991	99998	99998	99999	99999	100000	100000
310	85322	98738	99838	99951	99988	99993	99998	99998	99998	100000	100000
311	87853	99023	99901	99986	99994	99999	100000	100000	100000	100000	100000
312	83912	98106	99694	99933	99972	99992	99996	100000	100000	100000	100000
313	86707	98828	99846	99972	99993	99998	99999	100000	100000	100000	100000
314	84258	98571	99812	99957	99989	99994	100000	100000	100000	100000	100000
315	86353	98493	99795	99941	99985	99993	99999	99999	99999	100000	100000
316	84003	98420	99758	99955	99990	99996	99997	99999	99999	99999	99999
317	86611	98865	99858	99974	99993	99996	99998	99998	100000	100000	100000
318	82957	98068	99762	99956	99985	99998	99999	100000	100000	100000	100000
319	84991	98660	99820	99971	99991	99999	99999	100000	100000	100000	100000
320	82307	98020	99698	99926	99979	99991	99994	99996	99996	99997	99997
321	85091	98302	99805	99968	99994	100000	100000	100000	100000	100000	100000
322	81611	98182	99758	99953	99988	99996	99998	99999	100000	100000	100000
323	84491	98549	99822	99958	99997	99998	99999	100000	100000	100000	100000
324	81447	97506	99618	99932	99975	99991	99993	99997	99998	99998	99999
325	83597	98274	99775	99939	99992	99998	100000	100000	100000	100000	100000
326	81571	98133	99772	99959	99988	99993	99998	99999	99999	100000	100000
327	82794	98004	99764	99969	99992	99997	99999	99999	99999	99999	99999
328	80832	97817	99634	99920	99977	99987	99992	99996	99997	99998	100000
329	82461	98257	99771	99966	99989	99995	99999	99999	100000	100000	100000
330	79660	97328	99619	99893	99973	99996	100000	100000	100000	100000	100000
331	81471	98023	99743	99952	99988	99996	99997	100000	100000	100000	100000
332	79272	97511	99606	99917	99977	99993	99998	100000	100000	100000	100000
333	80578	97511	99651	99932	99983	99994	99996	99997	100000	100000	100000
334	75116	96895	99618	99923	99974	99992	99997	99998	99998	99999	99999
335	80075	97561	99647	99925	99984	99997	99999	100000	100000	100000	100000
336	73075	95447	99272	99839	99952	99984	99994	99995	99999	99999	100000
337	79439	97305	99631	99940	99988	99997	99999	99999	100000	100000	100000
338	73838	95947	99446	99886	99973	99989	99997	99998	99999	100000	100000
339	79442	96828	99528	99919	99976	99994	99996	99999	99999	99999	100000
340	74473	95773	99286	99847	99956	99984	99992	99997	100000	100000	100000
341	78871	96798	99492	99891	99970	99990	100000	100000	100000	100000	100000
342	73134	95289	99202	99840	99948	99983	99997	99997	100000	100000	100000
343	78144	96580	99468	99886	99966	99987	99999	99999	100000	100000	100000
344	73485	95344	99184	99832	99950	99984	99996	99998	99999	100000	100000
345	77472	96049	99303	99857	99962	99987	99996	99999	99999	100000	100000
346	72350	95162	99168	99814	99953	99981	99992	99997	99999	100000	100000
347	77342	96116	99343	99861	99967	99993	99998	99999	99999	99999	100000
348	72891	94703	99000	99790	99924	99986	99994	99997	99999	99999	100000
349	76171	95826	99267	99858	99966	99992	99999	100000	100000	100000	100000
350	72353	94877	99085	99783	99938	99975	99992	99997	99998	99998	99998
351	75345	95196	99144	99824	99953	99983	99993	99997	99999	99999	100000
352	69049	93470	98709	99714	99911	99977	99994	99997	99999	100000	100000
353	76164	95524	99236	99831	99956	99990	99999	100000	100000	100000	100000
354	69962	93682	98798	99749	99934	99982	99992	99998	100000	100000	100000
355	74907	95232	99046	99780	99944	99985	99998	99998	100000	100000	100000
356	70550	93802	98743	99725	99928	99978	99991	99997	99997	99999	99999
357	73833	94545	98973	99804	99948	99985	99994	99996	99999	100000	100000
358	68009	93227	98604	99695	99914	99964	99989	99994	99999	99999	100000
359	72905	94736	99016	99764	99934	99976	99996	99998	100000	100000	100000
360	67591	92388	98326	99600	99883	99965	99984	99989	99996	99998	99999
361	72473	94346	98945	99758	99936	99983	99995	99997	99998	99998	99998
362	67430	92861	98502	99639	99911	99969	99988	99995	99999	99999	99999
363	70487	93346	98657	99718	99925	99974	99989	99998	100000	100000	100000
364	68179	93127	98550	99655	99909	99968	99992	99995	99998	99999	100000
365	71667	94061	98843	99699	99913	99974	99991	99998	99998	99998	99998
366	66005	92328	98442	99650	99887	99957	99987	99994	99999	100000	100000
367	70410	93653	98808	99725	99938	99979	99996	99998	99999	99999	99999
368	65077	91791	98171	99575	99890	99953	99981	99993	99999	100000	100000
369	69504	92930	98593	99681	99902	99963	99983	99997	100000	100000	100000
370	64899	92136	98362	99596	99897	99966	99984	99990	99997	99999	100000
371	68922	93112	98656	99697	99911	99961	99989	99995	99999	100000	100000
372	63501	90983	97982	99478	99844	99941	99980	99990	99995	99998	99999
373	67834	92833	98576	99679	99900	99975	99992	99998	99998	99998	99999
374	62992	91187	98106	99567	99875	99961	99988	99997	99999	99999	100000
375	67306	92205	98367	99589	99879	99958	99980	99993	99998	100000	100000
376	60895	90095	97779	99436	99847	99947	99973	99990	99995	99999	99999
377	65346	92028	98330	99642	99904	99966	99987	99998	99999	100000	100000
378	59877	89706	97574	99392	99810	99920	99969	99986	99995	99999	100000
379	63323	91244	98089	99513	99864	99966	99982	99993	99997	100000	100000
380	59330	89344	97436	99388	99837	99948	99985	99997	99999	100000	100000
381	62939	90803	98012	99494	99881	99961	99993	99996	99997	99998	99998
382	57564	88676	97460	99376	99819	99942	99980	99994	99995	99998	99999
383	62909	90903	98091	99521	99856	99957	99987	99998	100000	100000	100000
384	57665	88667	97265	99254	99778	99920	99968	99987	99996	99997	99998
385	61201	90322	97811	99426	99837	99946	99983	99992	99995	99995	99997
386	56513	88389	97284	99324	99798	99938	99979	99989	99996	99998	100000
387	58906	89226	97490	99367	99803	99931	99975	99988	99995	99997	99998
388	55788	87897	97109	99276	99776	99920	99973	99989	99996	99998	99999
389	58891	89514	97684	99432	99822	99947	99984	99996	99998	100000	100000
390	55390	87609	96952	99225	99749	99917	99961	99986	99990	99994	99998
391	57291	88797	97351	99385	99798	99942	99981	99991	99994	99997	99998
392	52723	86203	96549	99077	99707	99896	99955	99984	99994	99998	99999
393	56110	88090	97150	99284	99799	99927	99976	99989	99996	99999	99999
394	50457	85199	96237	98957	99697	99902	99962	99993	99996	99998	99998
395	54940	87418	96948	99210	99776	99918	99973	99988	99996	99999	100000
396	50542	84588	95916	98941	99682	99890	99952	99981	99987	99993	99998
397	53331	86711	96667	99094	99748	99918	99965	99982	99991	99996	99997
398	48772	84402	95893	98892	99664	99887	99953	99980	99990	99993	99998
399	51527	85377	96247	98981	99700	99911	99961	99982	99991	99998	99999
400	51172	85686	96497	99194	99763	99926	99966	99992	99995	99999	99999
401	54744	87416	97059	99293	99795	99928	99970	99990	99996	99999	99999
402	51871	85380	96355	99068	99731	99914	99959	99980	99994	99996	99999
403	53192	86502	96684	99180	99759	99931	99969	99991	99996	99999	100000
404	50448	84789	96028	98958	99680	99894	99959	99983	99992	99997	99999
405	52032	85849	96530	99070	99719	99896	99966	99986	99996	99998	99999
406	48579	84106	95898	98958	99721	99907	99969	99983	99994	99998	99999
407	50639	85468	96367	99055	99726	99908	99960	99986	99998	100000	100000
408	46768	82648	95298	98765	99631	99879	99959	99985	99994	99994	99997
409	49680	85062	96145	98981	99670	99891	99959	99978	99992	99998	100000
410	45391	82262	95132	98630	99576	99843	99941	99973	99981	99988	99994
411	47235	83631	95646	98854	99651	99891	99958	99987	99996	99998	99999
412	44689	81229	94602	98456	99547	99835	99939	99975	99987	99992	99997
413	46524	83141	95647	98864	99683	99889	99961	99985	99993	99997	99998
414	43758	81021	94686	98537	99548	99846	99941	99967	99983	99990	99994
415	45427	82052	95136	98690	99595	99866	99941	99975	99988	99996	99997
416	41912	79755	94092	98347	99486	99812	99921	99968	99983	99992	99996
417	43734	81147	94903	98599	99566	99861	99946	99980	99990	99996	99999
418	40603	78710	93845	98232	99463	99813	99927	99962	99982	99990	99994
419	43357	81000	94883	98636	99587	99854	99950	99980	99990	99995	99997
420	40875	78652	93722	98166	99424	99801	99914	99950	99977	99991	99993
421	41240	79194	94178	98391	99519	99845	99952	99982	99988	99995	99997
422	38235	77223	93296	98120	99376	99785	99920	99971	99988	99991	99996
423	40718	79199	94196	98391	99504	99842	99941	99978	99996	99997	99999
424	36104	75151	92452	97770	99279	99754	99903	99955	99982	99994	99999
425	39241	77716	93647	98208	99423	99813	99939	99969	99986	99992	99996
426	35293	74511	92144	97666	99260	99764	99918	99964	99989	99993	99996
427	38661	77061	93364	98118	99448	99826	99940	99968	99984	99993	99995
428	35830	74716	92380	97837	99316	99791	99918	99964	99987	99992	99996
429	36332	75394	92754	97957	99344	99781	99908	99959	99981	99990	99997
430	33325	72583	91226	97346	99201	99741	99907	99973	99987	99994	99998
431	35096	74236	92337	97837	99324	99781	99921	99967	99985	99996	99998
432	31869	70848	90517	97117	99015	99645	99864	99944	99975	99987	99998
433	34858	73555	91903	97562	99271	99765	99921	99964	99985	99993	99998
434	31989	71444	90835	97264	99110	99669	99870	99953	99978	99988	99992
435	33228	72261	91163	97437	99157	99680	99878	99944	99980	99993	99996
436	30369	69108	89571	96735	98932	99630	99866	99948	99976	99990	99996
437	32728	71461	91017	97396	99167	99736	99896	99955	99985	99995	99997
438	29138	67869	89242	96669	98894	99633	99853	99943	99972	99983	99991
439	30992	69306	89906	97003	99063	99695	99888	99950	99976	99986	99995
440	28787	67458	88820	96431	98859	99551	99831	99929	99966	99981	99996
441	29242	67787	89151	96719	98910	99625	99844	99931	99970	99984	99994
442	26716	65276	87740	96124	98699	99547	99828	99935	99978	99989	99994
443	27919	66567	88737	96584	98922	99618	99853	99946	99976	99988	99993
444	25160	62637	85975	95196	98379	99416	99800	99908	99955	99979	99986
445	29477	67020	88878	96604	98919	99607	99870	99947	99973	99985	99997
446	26637	64584	87647	96193	98772	99543	99830	99937	99966	99980	99989
447	28161	65895	88259	96442	98862	99616	99848	99940	99973	99987	99993
448	24881	62362	86123	95429	98481	99464	99798	99907	99954	99985	99993
449	27159	64798	87854	96201	98754	99559	99849	99929	99967	99984	99985
450	23237	60114	84864	95042	98305	99345	99749	99889	99957	99983	99993
451	25330	62469	86286	95695	98570	99484	99808	99920	99964	99980	99989
452	23887	60681	85264	95181	98347	99390	99785	99910	99961	99978	99990
453	24385	61199	85832	95517	98506	99447	99796	99919	99956	99979	99988
454	22186	58546	83886	94633	98175	99349	99739	99893	99946	99980	99990
455	22873	59084	84320	94881	98317	99404	99770	99902	99954	99977	99989
456	21048	56707	82697	94064	97889	99241	99697	99864	99927	99959	99976
457	21524	57373	82789	94175	98035	99271	99710	99868	99940	99968	99986
458	20738	56453	82595	94060	97975	99271	99740	99889	99948	99973	99985
459	20299	55484	81935	93805	97816	99157	99680	99869	99938	99966	99981
460	18956	53120	80126	92843	97500	99087	99622	99833	99923	99963	99981
461	19801	54791	81357	93685	97796	99191	99678	99877	99937	99972	99987
462	19253	53450	80485	93163	97653	99151	99680	99853	99927	99967	99983
463	19725	54464	81349	93651	97830	99188	99670	99876	99947	99975	99987
464	17811	51376	78853	92511	97361	99006	99599	99828	99910	99951	99976
465	18614	52554	79902	92822	97545	99088	99671	99862	99954	99982	99991
466	16458	49140	77576	91776	97140	98934	99571	99814	99914	99957	99979
467	17572	51109	78889	92404	97320	99066	99660	99852	99936	99967	99988
468	15761	47579	75912	90847	96687	98761	99485	99774	99899	99954	99982
469	16669	48924	77344	91758	97055	98922	99598	99814	99908	99955	99983
470	14877	46074	74930	90439	96554	98715	99498	99791	99905	99953	99972
471	16456	48754	76907	91549	96933	98898	99572	99820	99913	99957	99976
472	14792	45735	74590	90217	96508	98656	99488	99773	99895	99949	99974
473	15034	46469	75365	90777	96689	98793	99541	99816	99914	99960	99988
474	13489	43635	72832	89400	96013	98493	99410	99762	99895	99950	99973
475	14259	44845	73866	89766	96262	98557	99430	99741	99887	99950	99975
476	12872	41774	71056	88479	95855	98405	99355	99728	99872	99937	99966
477	13468	43281	72605	89145	96005	98489	99402	99760	99885	99943	99976
478	11615	39526	69442	87559	95186	98084	99255	99700	99870	99932	99968
479	12597	41870	71221	88554	95728	98405	99404	99775	99902	99945	99973
480	11389	38381	67812	86348	94655	97905	99174	99644	99835	99928	99966
481	12224	40495	70064	87849	95395	98207	99290	99708	99871	99932	99966
482	11012	38222	68008	86685	94936	98004	99175	99665	99845	99928	99972
483	11331	39105	68834	87212	95168	98196	99296	99703	99867	99936	99972
484	10490	36505	65873	85141	94094	97623	99009	99592	99806	99909	99956
485	10687	37149	67245	86096	94690	97916	99146	99641	99822	99912	99966
486	9447	34187	63795	84002	93697	97460	98936	99602	99815	99905	99947
487	9855	35673	65431	84991	94202	97751	99114	99633	99838	99921	99959
488	9024	33293	62890	83530	93346	97359	98926	99537	99809	99909	99963
489	9386	34164	63711	83966	93710	97490	98978	99538	99803	99913	99952
490	7989	30357	59581	81401	92320	96878	98672	99437	99753	99897	99949
491	8610	32431	62263	82983	93133	97267	98853	99527	99793	99907	99962
492	7951	30356	59356	81037	92079	96760	98617	99420	99728	99871	99950
493	8053	31090	60515	82004	92568	97050	98841	99498	99750	99874	99939
494	7056	28079	57057	79782	91417	96391	98482	99342	99701	99869	99939
495	7615	29798	58878	80947	92067	96744	98644	99413	99726	99876	99945
496	6930	27498	56032	78458	90858	96185	98336	99302	99684	99852	99925
497	7038	27967	57184	79701	91338	96404	98463	99324	99662	99848	99934
498	6290	25946	54401	77662	90428	95938	98278	99247	99674	99844	99920
499	6386	26594	55000	78097	90507	96107	98340	99326	99707	99871	99943
500	5120	27334	55867	78186	90153	95651	98084	99116	99582	99775	99889
501	479	7026	26862	55020	77808	90341	95936	98265	99211	99645	99815
502	422	6870	25805	53059	76219	89302	95272	97890	99054	99584	99769
503	815	8407	28839	56559	78391	90226	95821	98138	99199	99647	99833
504	722	7582	26453	52960	75177	88270	94774	97635	98924	99507	99723
505	920	8190	26834	52587	74210	87544	94322	97463	98878	99461	99725
506	975	7982	26760	52989	75017	88113	94550	97553	98885	99498	99759
507	1266	9059	28393	53987	75135	88016	94552	97606	98937	99508	99750
508	1170	8479	26832	51985	73165	86593	93721	97081	98617	99318	99651
509	1509	9485	28560	53188	73896	87046	93881	97187	98642	99326	99661
510	1297	8161	25083	48383	69222	83790	92033	96095	98130	99104	99574
511	1734	9670	28693	52526	73100	86050	93415	96855	98491	99257	99631
512	1566	9198	27446	51398	71839	85638	93098	96736	98467	99270	99641
513	1829	9852	27860	51217	71428	84888	92578	96497	98311	99195	99593
514	1754	9345	26914	49868	70298	84274	92118	96199	98141	99065	99570
515	2091	10325	28273	50671	70761	84541	92273	96185	98186	99097	99538
516	1959	9670	26607	48770	68814	83083	91389	95731	97890	98920	99454
517	2217	10381	27749	49918	69566	83259	91264	95576	97809	98919	99461
518	2235	10011	26900	48916	68531	82539	91029	95431	97724	98850	99412
519	2465	10597	27789	49426	69144	82967	91154	95559	97746	98820	99424
520	2166	9617	25140	45889	65395	79946	89147	94428	97193	98557	99331
521	2557	10932	27728	49068	68850	82628	90900	95266	97622	98846	99478
522	2397	9870	25738	46486	66097	80500	89598	94591	97193	98557	99299
523	2600	10361	26476	47228	66420	80795	89691	94650	97254	98599	99345
524	2666	10112	25708	46205	65597	80250	89291	94418	97140	98516	99320
525	2562	9793	24702	44551	63715	78510	88187	93783	96660	98249	99183
526	2484	9524	24010	43511	62950	77885	87623	93339	96529	98173	99121
527	2868	10710	26028	46134	65065	79370	88651	93877	96738	98260	99196
528	2587	9729	24366	43855	63078	77678	87471	93338	96510	98218	99170
529	2907	10231	24751	44087	62960	77771	87451	93228	96441	98154	99123
530	2713	9356	23206	42121	61178	76336	86543	92598	96048	97890	99019
531	2862	9893	23999	42770	61725	76882	86904	92940	96196	97993	99108
532	2698	9244	22290	40533	59263	74637	85262	91808	95579	97571	98878
533	2793	9681	23557	42283	61013	76279	86533	92697	96050	97877	99015
534	2927	9417	22334	40213	58984	74320	85184	91764	95478	97549	98910
535	2687	9225	22320	40550	58872	74364	84919	91648	95374	97485	98838
536	3071	9549	22483	40300	58663	73690	84580	91269	95223	97371	98815
537	2878	9449	22238	39994	58424	73638	84412	91170	95045	97302	98853
538	2958	9220	21748	38901	56990	72629	83744	90790	94869	97145	98713
539	2809	9087	21339	38764	57137	72569	83807	90834	94904	97209	98744
540	2547	7971	18991	35302	53422	69316	81327	89129	93826	96598	98483
541	2815	8597	19990	36803	54845	70730	82343	89785	94209	96799	98571
542	2900	8669	20331	37041	55320	70826	82454	89945	94352	96863	98589
543	2638	8267	19348	35633	53561	69331	81213	89110	93835	96480	98502
544	2563	7809	18388	34039	51839	67923	80110	88246	93423	96294	98362
545	2454	7723	17968	33568	51084	67231	79585	87899	93065	96132	98301
546	3008	8639	19555	35379	52743	68515	80252	88338	93292	96232	98390
547	2710	8050	18724	34252	51719	67815	79972	88219	93221	96126	98299
548	2888	8139	18740	34127	51461	67379	79762	88012	93118	96098	98277
549	2541	7760	17870	33371	50765	66718	78965	87516	92856	95931	98240
550	2415	7249	16590	30714	47395	63394	76424	85769	91717	95154	97971
551	2492	7619	17538	32277	49487	65628	78239	86869	92377	95730	98144
552	2458	7165	16211	30219	46868	63104	76392	85552	91501	95024	97951
553	2303	6819	15543	29678	46510	62777	76083	85304	91312	95003	97898
554	2297	6815	15604	29505	46200	62366	75533	85180	91179	94852	97825
555	2268	6577	15032	28250	44612	60752	74560	84390	90593	94592	97767
556	2106	6177	13934	26812	43077	59600	73506	83562	90235	94343	97647
557	2177	6413	14788	27981	44486	60583	74130	83904	90419	94416	97675
558	2118	5990	13641	25800	41544	57789	71881	82266	89151	93583	97368
559	1974	5958	13627	26030	42158	58569	72361	82643	89568	93761	97419
560	1969	5790	12935	24927	40277	56511	70667	81416	88778	93393	97237
561	2125	5829	13197	25132	40407	56856	70948	81649	88854	93409	97296
562	1896	5362	12332	23781	39174	55466	69900	80687	88213	93001	97127
563	1918	5507	12495	23928	38893	55035	69454	80490	88108	92877	97109
564	1586	4943	11370	21910	36784	52894	67378	78862	86918	92077	96765
565	1695	4923	11082	21653	36137	52199	66802	78323	86414	91716	96705
566	1733	5106	11598	22265	36781	52732	67354	78943	86928	92190	96829
567	1631	4801	10816	21198	35664	51418	66054	77766	86033	91552	96673
568	1498	4452	10021	19719	33234	49072	64097	76350	85028	90761	96365
569	1537	4647	10368	20115	34131	50226	65030	76847	85457	91121	96480
570	1317	4088	9372	18386	31483	47016	61996	74603	83735	89953	96066
571	1340	4053	9175	18205	31224	46637	61753	74268	83545	89799	96045
572	1972	5347	11324	20811	34067	49325	63927	76104	84722	90629	96297
573	1682	4977	10494	19599	32660	47927	62832	75138	84233	90224	96097
574	1667	4857	10294	19184	31875	46998	61887	74291	83679	89871	96047
575	1522	4638	9840	18447	31052	46290	61143	73782	83233	89716	95969
576	1226	3973	8671	16411	28091	42742	57867	71154	81430	88435	95472
577	1448	4494	9623	17909	30199	45210	60454	73267	82814	89219	95756
578	1195	3888	8617	16593	28253	42692	57997	71277	81453	88358	95530
579	1178	3842	8437	15974	27548	42071	56950	70433	80879	88028	95406
580	1314	3954	8412	15583	26612	40573	55459	68774	79325	86743	94883
581	1132	3586	7841	15088	25872	39782	55067	68658	79309	86955	95033
582	1059	3472	7480	14262	24727	38361	53308	67011	78173	86013	94708
583	1061	3433	7491	14206	24726	38353	53286	67193	78235	86169	94847
584	877	3167	7020	13469	23404	36849	51627	65670	77060	85431	94570
585	906	2966	6410	12313	21796	34700	49510	63773	75458	84070	94239
586	905	2988	6531	12642	22026	35004	49693	63807	75491	84064	94136
587	778	2764	6153	12121	21462	34214	48876	63143	75032	83772	94072
588	713	2594	5879	11321	20211	32553	46897	61139	73377	82491	93572
589	808	2683	6035	11740	20706	33129	47527	61972	74014	83103	93755
590	756	2533	5801	11141	19787	31680	45839	60300	72483	81847	93532
591	748	2487	5535	10713	19091	30972	45433	59953	72416	81795	93380
592	647	2380	5276	10167	18012	29491	43300	57777	70494	80347	92978
593	716	2403	5372	10335	18600	30307	44095	58686	71486	81190	93183
594	640	2175	4902	9427	17021	28000	41824	56471	69464	79636	92837
595	573	2053	4712	9223	16466	27433	41058	55368	68268	78638	92532
596	603	2113	4800	9236	16416	27184	40653	55112	68247	78636	92508
597	526	1901	4436	8674	15557	25847	39005	53386	66894	77802	92325
598	544	1875	4272	8300	15146	25163	38182	52515	65792	76794	92012
599	467	1718	4003	7981	14615	24658	37559	51902	65587	76644	91922
600	372	1585	3736	7372	13487	22993	35360	49356	62948	74203	91386
601	421	1661	3828	7295	13384	22504	34894	49005	62613	74124	91135
602	452	1545	3530	6807	12447	21220	33117	47429	61233	73248	91064
603	387	1445	3415	6625	12169	20632	32530	46504	60415	72192	90705
604	340	1362	3215	6103	11123	19401	30816	44390	58223	70458	90302
605	385	1419	3316	6371	11631	19776	31375	45127	59157	71510	90575
606	362	1277	3014	5907	10656	18428	29160	42595	56567	69210	90064
607	343	1268	3028	5853	10587	18094	28937	42425	56377	68890	90051
608	268	1157	2768	5275	9660	16659	27016	39781	53683	66610	89497
609	333	1180	2834	5481	9772	16764	27032	40001	54078	67009	89650
610	283	1063	2697	5177	9476	16288	26226	38784	52352	65340	89389
611	243	1072	2665	5033	8891	15351	25137	37802	51597	64755	89065
612	219	915	2340	4587	8212	14226	23440	35481	49132	62380	88836
613	230	942	2358	4573	8214	14361	23558	35697	49374	62538	88758
614	230	901	2220	4299	7738	13395	22325	34278	47955	61528	88518
615	182	774	1997	3946	7261	12549	20731	32122	45436	58779	88014
616	273	934	2285	4266	7480	12764	21126	32238	45654	59028	88256
617	253	887	2165	4140	7253	12410	20663	31710	44863	58403	88080
618	219	795	2007	3900	6893	11855	19779	30680	43685	57249	87942
619	153	743	1953	3869	6782	11555	19118	29494	42555	55911	87677
620	194	757	1847	3637	6338	10824	17687	27540	40068	53672	87235
621	151	699	1811	3596	6331	10598	17565	27662	40037	53598	87443
622	148	681	1718	3397	5920	10157	16838	26362	38294	51611	87344
623	168	655	1698	3401	6035	10242	16847	26567	38731	52296	87152
624	107	533	1423	2948	5233	8919	14770	23310	34774	47938	87061
625	114	491	1368	2889	5030	8574	14638	23532	35123	48253	87125
626	115	534	1366	2705	4914	8361	14002	22230	33408	46136	86917
627	97	464	1295	2652	4731	7983	13296	21522	32645	45533	86931
628	93	455	1212	2578	4522	7586	12504	20052	30535	43111	86857
629	82	450	1211	2533	4486	7619	12715	20419	31152	43630	86834
630	56	374	1076	2281	4068	6888	11440	18516	28370	40519	86993
631	67	331	981	2207	4045	6792	11184	18233	28113	40119	86893
632	77	355	974	2186	3891	6566	10906	17584	26858	38742	86975
633	62	317	939	2012	3672	6291	10478	16988	26377	38361	86996
634	70	308	920	1968	3573	5963	9834	16063	25179	36712	87056
635	72	301	848	1906	3478	5891	9666	15697	24473	35823	87316
636	54	262	778	1804	3266	5473	8978	14584	22839	33670	87277
637	45	275	795	1730	3202	5350	8750	14301	22619	33409	87329
638	45	224	688	1536	2901	4887	8159	13345	21072	31348	87601
639	34	206	681	1550	2909	4861	7821	12738	20204	30527	87725
640	30	175	572	1407	2628	4398	7052	11451	18198	27731	88201
641	36	182	628	1419	2656	4462	7399	12007	19000	28877	88006
642	32	183	582	1363	2554	4244	6891	11178	17707	26988	88653
643	32	168	512	1255	2429	4103	6699	10782	17217	26355	88460
644	27	161	518	1186	2219	3746	6134	9771	15702	24220	89296
645	27	145	464	1149	2196	3714	6081	9653	15453	23755	89294
646	21	118	437	1066	2141	3619	5865	9396	14875	22939	89585
647	17	116	410	1045	2062	3594	5721	9098	14471	22394	89487
648	15	104	321	818	1727	2981	4813	7780	12311	19230	90441
649	18	112	337	913	1907	3277	5299	8494	13250	20738	90077
650	17	108	345	819	1766	3022	4893	7698	12239	19162	90573
651	15	93	347	852	1718	2982	4784	7467	11739	18381	90946
652	9	78	286	768	1558	2704	4364	6889	10901	17035	91274
653	15	80	280	771	1543	2739	4506	6891	10769	16833	91705
654	6	65	260	682	1420	2478	3996	6210	9881	15523	91785
655	6	58	230	614	1284	2345	3819	6016	9397	14693	92287
656	10	48	201	563	1218	2180	3535	5554	8631	13618	92705
657	10	50	199	547	1178	2136	3540	5514	8718	13644	92622
658	7	51	192	498	1120	2074	3356	5269	8230	12811	93180
659	11	44	181	518	1110	2033	3261	5060	7778	12205	93473
660	5	28	126	418	928	1741	2918	4549	6917	10635	94130
661	4	25	133	405	937	1815	2938	4518	7070	11085	93933
662	2	22	107	340	831	1593	2680	4175	6375	9920	94553
663	5	20	113	323	771	1547	2564	4048	6259	9704	94823
664	4	16	86	285	680	1328	2275	3544	5449	8315	95431
665	0	18	85	261	651	1322	2317	3671	5520	8593	95342
666	1	15	51	203	493	1046	1904	3074	4792	7300	96003
667	1562	1611	1709	1980	2468	3223	4418	5973	8261	11744	94807
668	1122	1619	1727	1981	2443	3282	4426	5948	8198	11529	95034
669	895	1450	1602	1790	2199	2916	3909	5320	7280	10169	95743
670	762	1353	1627	1832	2220	2883	3939	5304	7210	9942	95849
671	601	1257	1554	1793	2174	2781	3752	5039	6842	9446	96271
672	455	1064	1440	1710	2052	2654	3526	4737	6423	8775	96413
673	391	996	1413	1699	1975	2489	3337	4495	6126	8371	96616
674	318	851	1299	1617	1964	2472	3299	4383	5906	8067	96716
675	249	738	1184	1560	1878	2391	3141	4226	5715	7780	96977
676	145	498	983	1437	1814	2272	3021	4063	5451	7494	97101
677	194	612	1075	1455	1801	2266	3013	3992	5337	7296	97305
678	140	495	959	1375	1741	2240	2942	3928	5258	7091	97339
679	104	434	901	1310	1727	2190	2856	3733	5011	6739	97583
680	72	267	680	1109	1562	2044	2680	3535	4769	6344	97676
681	94	270	642	1084	1487	1960	2545	3431	4503	6021	97902
682	49	244	598	1053	1482	1973	2594	3455	4688	6178	97771
683	64	216	538	953	1411	1851	2468	3277	4332	5720	97968
684	50	157	409	794	1239	1759	2335	3161	4151	5460	98228
685	32	140	390	737	1177	1646	2146	2938	3940	5204	98232
686	49	127	333	690	1113	1610	2225	2978	3978	5215	98294
687	21	90	258	596	1062	1549	2071	2851	3787	4948	98371
688	23	65	199	456	860	1334	1894	2560	3427	4573	98535
689	11	43	165	402	799	1257	1767	2418	3283	4452	98531
690	35	71	169	348	717	1197	1768	2487	3339	4456	98601
691	18	58	147	360	735	1214	1742	2374	3153	4213	98630
692	13	48	115	293	624	1026	1520	2171	2985	4058	98721
693	13	32	91	253	536	961	1467	2080	2885	3892	98823
694	8	29	81	235	505	888	1431	2029	2806	3753	98898
695	5	13	60	159	370	748	1221	1839	2602	3456	98875
696	24	37	67	150	364	716	1211	1843	2558	3495	98855
697	14	31	63	139	310	655	1103	1702	2420	3278	98926
698	9	26	45	125	282	589	1033	1562	2324	3183	98883
699	13	31	57	118	259	519	936	1480	2197	3091	98946
700	7	24	49	88	180	409	807	1349	2008	2878	99010
701	2	12	31	79	174	382	756	1257	1923	2708	99033
702	5	17	29	65	173	357	698	1225	1862	2625	99086
703	3	9	28	59	135	298	605	1095	1697	2481	99089
704	1	11	20	41	99	214	452	864	1403	2147	99091
705	3	9	15	31	82	186	416	845	1405	2149	99176
706	21	26	37	52	96	219	482	916	1456	2222	99131
707	13	26	32	49	86	168	342	727	1235	1915	99151
708	7	19	25	37	65	140	319	663	1157	1845	99208
709	6	20	26	38	62	118	280	545	1016	1623	99191
710	5	19	25	37	64	124	263	480	901	1519	99223
711	2	14	27	36	55	105	220	426	844	1365	99256
712	6	13	23	36	54	90	178	376	711	1234	99265
713	3	9	14	24	38	79	178	355	652	1189	99299
714	3	11	13	21	45	80	160	323	644	1131	99313
715	1	5	10	28	35	57	122	259	526	939	99370
716	0	3	12	22	36	62	118	221	438	777	99435
717	0	3	9	18	28	52	98	192	429	822	99451
718	1	4	9	14	21	46	95	192	382	735	99533
719	2	5	14	21	36	52	90	177	359	657	99483
720	2	4	10	14	22	32	60	130	258	524	99583
721	1	4	8	11	22	36	55	105	240	503	99565
722	1	3	9	11	11	29	55	98	224	477	99581
723	1	4	7	10	16	27	49	91	206	427	99665
724	0	3	6	9	14	21	39	76	156	309	99672
725	1	1	3	7	12	19	34	78	159	305	99726
726	1	4	9	11	17	21	34	64	138	279	99751
727	0	2	5	10	13	19	25	52	109	222	99781
728	18	21	26	38	45	52	63	82	165	284	99814
729	11	19	22	30	37	47	63	89	144	250	99820
730	9	16	22	31	36	44	55	82	129	237	99831
731	2	5	12	14	21	29	38	60	97	172	99856
732	2	11	19	24	27	34	40	50	84	148	99872
733	2	8	14	25	31	41	50	68	101	169	99878
734	1	6	16	28	34	39	45	57	87	145	99882
735	0	2	9	20	27	32	37	53	74	105	99912
736	1	2	6	14	18	23	32	39	62	100	99923
737	0	2	8	16	26	29	38	50	67	103	99931
738	1	1	5	13	17	25	35	42	57	91	99938
739	0	0	1	6	10	26	32	41	63	82	99940
740	0	1	3	10	15	21	31	38	59	84	99955
741	0	2	8	11	14	18	20	22	32	52	99950
742	0	0	3	8	16	24	33	39	46	63	99950
743	0	0	3	4	12	16	22	28	39	55	99952
744	0	0	2	5	10	14	22	29	36	47	99970
745	0	0	1	2	12	19	23	30	36	52	99978
746	0	1	4	6	8	11	13	19	34	53	99977
747	0	0	1	7	10	15	23	30	40	52	99982
748	0	0	2	5	9	13	17	23	32	44	99985
749	0	0	0	2	5	8	10	17	24	33	99983
750	0	1	1	3	5	10	12	18	25	34	99990
751	0	0	1	3	4	9	13	19	24	29	99992
752	0	0	1	2	4	6	12	15	18	24	99981
753	0	0	0	1	2	4	5	7	10	12	99993
754	0	0	0	0	3	7	9	11	17	19	99990
755	0	0	1	1	2	3	7	13	19	32	99992
756	0	0	0	1	4	8	9	13	15	20	99990
757	0	0	0	1	3	6	7	9	13	14	99993
758	0	0	0	1	2	6	9	12	15	21	99995
759	0	0	0	0	0	1	8	11	12	12	99993
760	0	0	0	1	4	5	7	9	10	15	99998
761	0	0	0	0	0	1	5	11	11	13	99997
762	1	1	1	2	4	5	10	13	17	20	99999
763	0	0	0	1	2	3	4	7	13	16	99997
764	0	0	0	0	0	1	4	6	11	14	99998
765	0	0	0	1	3	4	8	11	12	13	99998
766	0	0	0	0	0	1	2	6	11	18	99997
767	0	0	0	0	1	1	3	6	12	16	99997
768	0	0	0	0	0	0	2	4	6	12	99996
769	0	0	0	0	0	1	2	4	12	13	99993
770	0	0	0	0	1	1	3	7	9	11	99995
771	1	1	1	1	2	2	3	6	8	8	99998
772	0	0	0	0	0	0	3	5	10	16	99997
773	0	1	1	1	1	1	3	5	9	13	99997
774	0	0	0	0	1	1	1	3	5	7	99995
775	0	0	1	2	2	2	2	2	4	8	99996
776	0	0	0	0	0	0	1	2	7	17	99999
777	0	0	0	0	0	0	0	3	7	9	99995
778	0	0	0	0	0	0	1	1	4	5	99998
779	0	0	0	0	0	0	1	1	3	7	99999
780	0	0	0	0	0	0	1	2	3	8	99995
781	0	0	1	1	1	1	2	3	4	8	99994
782	0	0	0	0	0	0	1	1	2	3	99997
783	0	0	0	0	0	0	0	0	0	2	99998
784	0	0	0	0	0	0	0	0	0	4	100000
785	0	0	0	0	0	0	0	1	2	3	100000
786	0	0	0	0	0	1	1	1	3	4	99997
787	0	1	1	1	1	1	1	1	3	6	99998
788	0	0	0	0	0	0	0	0	0	0	99998
789	0	0	0	0	0	0	0	0	0	2	99996
790	0	0	0	0	0	0	0	0	0	4	99999
791	0	0	0	0	0	0	0	1	1	2	99995
792	0	0	0	0	1	1	1	1	1	1	99999
793	0	0	0	0	0	0	0	0	0	0	99997
794	0	0	0	0	0	0	0	1	2	3	99999
795	0	0	0	0	0	0	0	0	0	0	100000
796	0	0	0	0	0	1	1	1	1	1	100000
797	0	0	0	0	0	0	0	0	0	0	100000
798	0	0	0	0	0	0	0	1	1	1	100000
799	0	0	0	0	0	0	0	0	0	0	100000
800	6	6	6	6	6	6	6	6	9	11	99996
801	8	10	10	10	10	11	11	12	14	17	99996
802	2	8	8	8	8	8	9	13	16	21	99995
803	3	11	16	17	17	18	18	20	20	25	99994
804	1	2	5	6	6	6	6	7	7	10	99994
805	1	5	10	12	16	16	17	18	20	25	99996
806	0	2	4	9	12	12	12	14	16	16	99995
807	1	2	3	7	9	10	10	10	10	11	99997
808	0	2	2	4	15	17	20	20	22	24	99997
809	0	0	1	6	13	16	19	20	21	21	99999
810	0	0	2	4	8	11	12	15	15	15	100000
811	1	1	2	2	4	5	6	10	11	11	99998
812	0	0	0	1	2	7	9	11	13	13	99999
813	0	0	0	1	3	4	4	5	8	10	99998
814	0	0	0	0	1	1	2	3	8	9	99998
815	0	0	0	0	0	1	3	8	11	13	99999
816	0	1	1	1	2	3	3	4	6	7	99996
817	0	0	0	1	1	1	2	2	5	7	100000
818	0	0	0	0	0	0	2	3	3	10	99998
819	0	0	0	0	0	0	0	0	1	3	99998
820	0	0	0	0	0	0	0	1	4	6	99998
821	0	0	0	0	0	0	0	0	1	3	99996
822	0	0	0	0	0	0	0	0	0	3	100000
823	0	0	0	0	0	1	1	1	2	4	99998
824	0	0	0	0	0	0	0	0	0	0	99999
825	0	0	0	0	0	0	0	0	0	0	100000
826	0	0	0	0	0	0	0	0	0	0	99999
827	0	0	0	0	0	0	0	0	0	0	100000
828	0	0	0	0	0	1	1	1	1	1	100000
829	0	0	0	0	0	0	0	0	0	0	100000
830	0	0	0	0	0	0	0	0	0	0	99999
831	0	0	0	0	0	0	0	0	0	0	100000
832	0	0	0	0	0	0	0	0	1	1	99999
833	0	0	0	0	0	0	0	0	0	0	100000
834	0	0	0	0	0	0	0	0	0	0	100000
835	0	0	0	0	0	0	0	0	0	0	100000
836	0	0	0	0	0	0	0	0	0	0	100000
837	0	0	0	0	0	0	0	0	0	0	100000
838	0	0	0	0	0	0	0	0	0	0	100000
839	0	0	0	0	0	0	0	0	0	0	100000
840	0	0	0	0	0	0	0	0	0	0	100000
841	0	0	0	0	0	0	0	0	0	0	100000
842	0	0	0	0	0	0	0	0	0	0	100000
843	0	0	0	0	0	0	0	0	0	0	100000
844	0	0	0	0	0	0	0	0	0	0	100000
845	0	0	0	0	0	0	0	0	0	0	100000
846	0	0	0	0	0	0	0	0	0	0	100000
847	0	0	0	0	0	0	0	0	0	0	100000
848	0	0	0	0	0	0	0	0	0	0	100000
849	0	0	0	0	0	0	0	0	0	0	100000
850	0	0	0	0	0	0	0	0	0	0	100000
851	0	0	0	0	0	0	0	0	0	0	100000
852	0	0	0	0	0	0	0	0	0	0	100000
853	0	0	0	0	0	0	0	0	0	0	100000
854	0	0	0	0	0	0	0	0	0	0	100000
855	0	0	0	0	0	0	0	0	0	0	100000
856	0	0	0	0	0	0	0	0	0	0	100000
857	0	0	0	0	0	0	0	0	0	0	100000
858	0	0	0	0	0	0	0	0	0	0	100000
859	0	0	0	0	0	0	0	0	0	0	100000
860	0	0	0	0	0	0	0	0	0	0	100000
861	0	0	0	0	0	0	0	0	0	0	100000
862	0	0	0	0	0	0	0	0	0	0	100000
863	0	0	0	0	0	0	0	0	0	0	100000
864	0	0	0	0	0	0	0	0	0	0	100000
865	0	0	0	0	0	0	0	0	0	0	100000
866	0	0	0	0	0	0	0	0	0	0	100000
867	0	0	0	0	0	0	0	0	0	0	100000
868	0	0	0	0	0	0	0	0	0	0	100000
869	0	0	0	0	0	0	0	0	0	0	100000
870	0	0	0	0	0	0	0	0	0	0	100000
871	0	0	0	0	0	0	0	0	0	0	100000
872	0	0	0	0	0	0	0	0	0	0	100000
873	0	0	0	0	0	0	0	0	0	0	100000
874	0	0	0	0	0	0	0	0	0	0	100000
875	0	0	0	0	0	0	0	0	0	0	100000
876	0	0	0	0	0	0	0	0	0	0	100000
877	0	0	0	0	0	0	0	0	0	0	100000
878	0	0	0	0	0	0	0	0	0	0	100000
879	0	0	0	0	0	0	0	0	0	0	100000
880	0	0	0	0	0	0	0	0	0	0	100000
881	0	0	0	0	0	0	0	0	0	0	100000
882	0	0	0	0	0	0	0	0	0	0	100000
883	0	0	0	0	0	0	0	0	0	0	100000
884	0	0	0	0	0	0	0	0	0	0	100000
885	0	0	0	0	0	0	0	0	0	0	100000
886	0	0	0	0	0	0	0	0	0	0	100000
887	0	0	0	0	0	0	0	0	0	0	100000
888	0	0	0	0	0	0	0	0	0	0	100000
889	0	0	0	0	0	0	0	0	0	0	100000
890	0	0	0	0	0	0	0	0	0	0	100000
891	0	0	0	0	0	0	0	0	0	0	100000
892	0	0	0	0	0	0	0	0	0	0	100000
893	0	0	0	0	0	0	0	0	0	0	100000
894	0	0	0	0	0	0	0	0	0	0	100000
895	0	0	0	0	0	0	0	0	0	0	100000
896	0	0	0	0	0	0	0	0	0	0	100000
897	0	0	0	0	0	0	0	0	0	0	100000
898	0	0	0	0	0	0	0	1	1	1	100000
899	0	0	0	0	0	0	0	0	0	0	100000
900	0	0	0	0	0	0	0	0	0	0	100000
901	0	0	0	0	0	0	0	0	0	0	100000
902	0	0	0	0	0	0	0	0	0	1	100000
903	0	0	0	0	0	0	0	0	0	0	100000
904	0	0	0	0	0	0	0	0	0	0	100000
905	0	0	0	0	0	0	0	0	0	0	100000
906	0	0	0	0	0	0	0	0	0	0	100000
907	0	0	0	0	0	0	0	0	0	0	100000
908	0	0	0	0	0	0	0	0	0	0	100000
909	0	0	0	0	0	0	0	0	0	0	100000
910	0	0	0	0	0	0	0	0	0	0	100000
911	0	0	0	0	0	0	0	0	0	0	100000
912	0	0	0	0	0	0	0	0	0	0	100000
913	0	0	0	0	0	0	0	0	0	0	100000
914	0	0	0	0	0	0	0	0	0	0	100000
915	0	0	0	0	0	0	0	0	0	0	100000
916	0	0	0	0	0	0	0	0	0	0	100000
917	0	0	0	0	0	0	0	0	0	0	100000
918	0	0	0	0	0	0	0	0	0	0	100000
919	0	0	0	0	0	0	0	0	0	0	100000
920	0	0	0	0	0	0	0	0	0	0	100000
921	0	0	0	0	0	0	0	0	0	0	100000
922	0	0	0	0	0	0	0	0	0	0	100000
923	0	0	0	0	0	0	0	0	0	0	100000
924	0	0	0	0	0	0	0	0	0	0	100000
925	0	0	0	0	0	0	0	0	0	0	100000
926	0	0	0	0	0	0	0	0	0	0	100000
927	0	0	0	0	0	0	0	0	0	0	100000
928	0	0	0	0	0	0	0	0	0	0	100000
929	0	0	0	0	0	0	0	0	0	0	100000
930	0	0	0	0	0	0	0	0	0	0	100000
931	0	0	0	0	0	0	0	0	0	0	100000
932	0	0	0	0	0	0	0	0	0	0	100000
933	0	0	0	0	0	0	0	0	0	0	100000
934	0	0	0	0	0	0	0	0	0	0	100000
935	0	0	0	0	0	0	0	0	0	0	100000
936	0	0	0	0	0	0	0	0	0	0	100000
937	0	0	0	0	0	0	0	0	0	0	100000
938	0	0	0	0	0	0	0	0	0	0	100000
939	0	0	0	0	0	0	0	0	0	0	100000
940	0	0	0	0	0	0	0	0	0	0	100000
941	0	0	0	0	0	0	0	0	0	0	100000
942	0	0	0	0	0	0	0	0	0	0	100000
943	0	0	0	0	0	0	0	0	0	0	100000
944	0	0	0	0	0	0	0	0	0	0	100000
945	0	0	0	0	0	0	0	0	0	0	100000
946	0	0	0	0	0	0	0	0	0	0	100000
947	0	0	0	0	0	0	0	0	0	0	100000
948	0	0	0	0	0	0	0	0	0	0	100000
949	0	0	0	0	0	0	0	0	0	0	100000
950	0	0	0	0	0	0	0	0	0	0	100000
951	0	0	0	0	0	0	0	0	0	0	100000
952	0	0	0	0	0	0	0	0	0	0	100000
953	0	0	0	0	0	0	0	0	0	0	100000
954	0	0	0	0	0	0	0	0	0	0	100000
955	0	0	0	0	0	0	0	0	0	0	100000
956	0	0	0	0	0	0	0	0	0	0	100000
957	0	0	0	0	0	0	0	0	0	0	100000
958	0	0	0	0	0	0	0	0	0	0	100000
959	0	0	0	0	0	0	0	0	0	0	100000
960	0	0	0	0	0	0	0	0	0	0	100000
961	0	0	0	0	0	0	0	0	0	0	100000
962	0	0	0	0	0	0	0	0	0	0	100000
963	0	0	0	0	0	0	0	0	0	0	100000
964	0	0	0	0	0	0	0	0	0	0	100000
965	0	0	0	0	0	0	0	0	0	0	100000
966	0	0	0	0	0	0	0	0	0	0	100000
967	0	0	0	0	0	0	0	0	0	0	100000
968	0	0	0	0	0	0	0	0	0	0	100000
969	0	0	0	0	0	0	0	0	0	0	100000
970	0	0	0	0	0	0	0	0	0	0	100000
971	0	0	0	0	0	0	0	0	0	0	100000
972	0	0	0	0	0	0	0	0	0	0	100000
973	0	0	0	0	0	0	0	0	0	0	100000
974	0	0	0	0	0	0	0	0	0	0	100000
975	0	0	0	0	0	0	0	0	0	0	100000
976	0	0	0	0	0	0	0	0	0	0	100000
977	0	0	0	0	0	0	0	0	0	0	100000
978	0	0	0	0	0	0	0	0	0	0	100000
979	0	0	0	0	0	0	0	0	0	0	100000
980	0	0	0	0	0	0	0	0	0	0	100000
981	0	0	0	0	0	0	0	0	0	0	100000
982	0	0	0	0	0	0	0	0	0	0	100000
983	0	0	0	0	0	0	0	0	0	0	100000
984	0	0	0	0	0	0	0	0	0	0	100000
985	0	0	0	0	0	0	0	0	0	0	100000
986	0	0	0	0	0	0	0	0	0	0	100000
987	0	0	0	0	0	0	0	0	0	0	100000
988	0	0	0	0	0	0	0	0	0	0	100000
989	0	0	0	0	0	0	0	0	0	0	100000
990	0	0	0	0	0	0	0	0	0	0	100000
991	0	0	0	0	0	0	0	0	0	0	100000
992	0	0	0	0	0	0	0	0	0	0	100000
993	0	0	0	0	0	0	0	0	0	0	100000
994	0	0	0	0	0	0	0	0	0	0	100000
995	0	0	0	0	0	0	0	0	0	0	100000
996	0	0	0	0	0	0	0	0	0	0	100000
997	0	0	0	0	0	0	0	0	0	0	100000
998	0	0	0	0	0	0	0	0	0	0	100000
999	0	0	0	0	0	0	0	0	0	0	100000
1000	0	0	0	0	0	0	0	0	0	0	100000
